{
    "0": {
        "mAP": 0.94,
        "precision": 0.94,
        "recall": 1.0
    },
    "1": {
        "mAP": 0.9509433962264151,
        "precision": 0.9509433962264151,
        "recall": 1.0
    },
    "2": {
        "mAP": 0.16685714285714284,
        "precision": 0.5,
        "recall": 0.2857142857142857
    },
    "3": {
        "mAP": 0.8439133126934983,
        "precision": 0.8823529411764706,
        "recall": 0.9473684210526315
    },
    "4": {
        "mAP": 1.0,
        "precision": 1.0,
        "recall": 1.0
    },
    "5": {
        "mAP": 0.4438410256410257,
        "precision": 0.8333333333333334,
        "recall": 0.4807692307692308
    },
    "6": {
        "mAP": 0.4994472541507024,
        "precision": 0.6551724137931034,
        "recall": 0.7037037037037037
    },
    "7": {
        "mAP": 0.8554727272727273,
        "precision": 0.9090909090909091,
        "recall": 0.9375
    },
    "8": {
        "mAP": 0.9230769230769231,
        "precision": 0.9230769230769231,
        "recall": 1.0
    },
    "9": {
        "mAP": 1.0,
        "precision": 1.0,
        "recall": 1.0
    }
}